"patient_id","MSI","BRAF","KRAS"
"DEMO-001","MSI-H","Mutant","Mutant"
"DEMO-002","MSS","WT","WT"
"DEMO-003","MSS","WT","WT"
"DEMO-004","MSS","WT","Mutant"
"DEMO-005","MSS","WT","WT"
"DEMO-006","MSI-H","WT","Mutant"
"DEMO-007","MSS","WT","Mutant"
"DEMO-008","MSS","Mutant","WT"
"DEMO-009","MSS","WT","WT"
"DEMO-010","MSS","WT","Mutant"
"DEMO-011","MSI-H","WT","Mutant"
"DEMO-012","MSS","WT","WT"
"DEMO-013","MSS","WT","Mutant"
"DEMO-014","MSS","WT","WT"
"DEMO-015","MSS","Mutant","WT"
"DEMO-016","MSI-H","WT","Mutant"
"DEMO-017","MSS","WT","WT"
"DEMO-018","MSS","WT","WT"
"DEMO-019","MSS","WT","Mutant"
"DEMO-020","MSS","WT","WT"
"DEMO-021","MSI-H","WT","Mutant"
"DEMO-022","MSS","Mutant","Mutant"
"DEMO-023","MSS","WT","WT"
"DEMO-024","MSS","WT","WT"
