"patient_id","specimen_id","slide_id","specimen_type","wsi_uri","review_status"
"DEMO-001","DEMO-001-SP1","DEMO-001-A","Primary","demo://slides/DEMO-001-A.svs","Ready"
"DEMO-001","DEMO-001-SP2","DEMO-001-B","Primary","demo://slides/DEMO-001-B.svs","Ready"
"DEMO-002","DEMO-002-SP1","DEMO-002-A","Primary","demo://slides/DEMO-002-A.svs","Ready"
"DEMO-002","DEMO-002-SP2","DEMO-002-B","Primary","demo://slides/DEMO-002-B.svs","Ready"
"DEMO-003","DEMO-003-SP1","DEMO-003-A","Primary","demo://slides/DEMO-003-A.svs","Ready"
"DEMO-003","DEMO-003-SP2","DEMO-003-B","Primary","demo://slides/DEMO-003-B.svs","Ready"
"DEMO-004","DEMO-004-SP1","DEMO-004-A","Metastatic","demo://slides/DEMO-004-A.svs","Ready"
"DEMO-004","DEMO-004-SP2","DEMO-004-B","Metastatic","demo://slides/DEMO-004-B.svs","Ready"
"DEMO-005","DEMO-005-SP1","DEMO-005-A","Primary","demo://slides/DEMO-005-A.svs","Ready"
"DEMO-006","DEMO-006-SP1","DEMO-006-A","Primary","demo://slides/DEMO-006-A.svs","Ready"
"DEMO-007","DEMO-007-SP1","DEMO-007-A","Primary","demo://slides/DEMO-007-A.svs","Ready"
"DEMO-008","DEMO-008-SP1","DEMO-008-A","Metastatic","demo://slides/DEMO-008-A.svs","Review"
"DEMO-009","DEMO-009-SP1","DEMO-009-A","Primary","demo://slides/DEMO-009-A.svs","Ready"
"DEMO-010","DEMO-010-SP1","DEMO-010-A","Primary","demo://slides/DEMO-010-A.svs","Ready"
"DEMO-011","DEMO-011-SP1","DEMO-011-A","Primary","demo://slides/DEMO-011-A.svs","Ready"
"DEMO-012","DEMO-012-SP1","DEMO-012-A","Metastatic","demo://slides/DEMO-012-A.svs","Ready"
"DEMO-013","DEMO-013-SP1","DEMO-013-A","Primary","demo://slides/DEMO-013-A.svs","Ready"
"DEMO-014","DEMO-014-SP1","DEMO-014-A","Primary","demo://slides/DEMO-014-A.svs","Ready"
"DEMO-015","DEMO-015-SP1","DEMO-015-A","Primary","demo://slides/DEMO-015-A.svs","Ready"
"DEMO-016","DEMO-016-SP1","DEMO-016-A","Metastatic","demo://slides/DEMO-016-A.svs","Ready"
"DEMO-017","DEMO-017-SP1","DEMO-017-A","Primary","demo://slides/DEMO-017-A.svs","Ready"
"DEMO-018","DEMO-018-SP1","DEMO-018-A","Primary","demo://slides/DEMO-018-A.svs","Ready"
"DEMO-019","DEMO-019-SP1","DEMO-019-A","Primary","demo://slides/DEMO-019-A.svs","Review"
"DEMO-020","DEMO-020-SP1","DEMO-020-A","Metastatic","demo://slides/DEMO-020-A.svs","Ready"
"DEMO-021","DEMO-021-SP1","DEMO-021-A","Primary","demo://slides/DEMO-021-A.svs","Ready"
"DEMO-022","DEMO-022-SP1","DEMO-022-A","Primary","demo://slides/DEMO-022-A.svs","Ready"
"DEMO-023","DEMO-023-SP1","DEMO-023-A","Primary","demo://slides/DEMO-023-A.svs","Ready"
"DEMO-024","DEMO-024-SP1","DEMO-024-A","Metastatic","demo://slides/DEMO-024-A.svs","Ready"
